article,price
15G108,1595
15G109,1595
15G110,1595
15G111,1595
15G112,1595
15G113,1595
15G114,1595
15G114A,1595
15G146,1595
17G086,1595
17G131,1595
17G132,1595
17G137,1595
17G137A,1595
17G138,1595
17G138A,1595
17G139,1595
17G140,1595
17G148,1595
17G149,1595
17G177,1595
17G203,1595
18G134,1595
18G135,1595
18G142,1595
18G144A,1595
18G145,1595
18G150,1595
18G150,1595
1G092,1695
1G093,1695
1G096,1695
1G101,1695
1G155,1695
1G158,1695
1G166,1695
1G167,1695
1G168,1695
1G169,1695
1G170,1695
1G171,1695
1G172,1695
21G173,1595
21G175,1495
21G176,1495
21G178,1495
21G179,1495
23G187,1695
23G187A,1695
23G188,1695
23G189,1695
24G193,1795
24G194,1795
24G199,1795
25G204,1795
7G078,1495
7G105,1495
7G001,1495
